type,uprating_category,path,file_path,uprating,description
parameter,ACA Benchmark Premium,gov.aca.state_rating_area_cost,gov/aca/state_rating_area_cost.yaml,gov.aca.benchmark_premium_uprating,"Second Lowest Cost Silver Plan (SLCSP) premiums by rating area, normalized to age 0 ."
parameter,CPI-U (Direct),gov.states.ar.tax.income.deductions.standard,gov/states/ar/tax/income/deductions/standard.yaml,"{'parameter': 'gov.bls.cpi.cpi_u', 'rounding': {'type': 'downwards', 'interval': 10}}","Arkansas provides a standard deduction of this amount, based on filing status."
parameter,CPI-U (Direct),gov.states.ar.tax.income.rates.low_income_tax_tables.head_of_household.no_or_one_dependent,gov/states/ar/tax/income/rates/low_income_tax_tables/head_of_household/no_or_one_dependent.yaml,gov.bls.cpi.cpi_u,"Arkansas reduces the tax liability of low-income head of household filers with up to one dependent to the following amount, in lieu of a standard or i"
parameter,CPI-U (Direct),gov.states.ar.tax.income.rates.low_income_tax_tables.head_of_household.two_or_more_dependents,gov/states/ar/tax/income/rates/low_income_tax_tables/head_of_household/two_or_more_dependents.yaml,gov.bls.cpi.cpi_u,"Arkansas reduces the tax liability of low-income head of household filers with two or more dependents to the following amount, in lieu of a standard o"
parameter,CPI-U (Direct),gov.states.ar.tax.income.rates.low_income_tax_tables.joint.no_or_one_dependent,gov/states/ar/tax/income/rates/low_income_tax_tables/joint/no_or_one_dependent.yaml,gov.bls.cpi.cpi_u,"Arkansas reduces the tax liability of low-income joint filers with up to one dependent to the following amount, in lieu of a standard or itemized dedu"
parameter,CPI-U (Direct),gov.states.ar.tax.income.rates.low_income_tax_tables.joint.two_or_more_dependents,gov/states/ar/tax/income/rates/low_income_tax_tables/joint/two_or_more_dependents.yaml,gov.bls.cpi.cpi_u,"Arkansas reduces the tax liability of low-income joint filers with two or more dependents to the following amount, in lieu of a standard or itemized d"
parameter,CPI-U (Direct),gov.states.ar.tax.income.rates.low_income_tax_tables.single,gov/states/ar/tax/income/rates/low_income_tax_tables/single.yaml,gov.bls.cpi.cpi_u,"Arkansas reduces the tax liability of low-income single filers to the following amount, in lieu of a standard or itemized deduction."
parameter,CPI-U (Direct),gov.states.ar.tax.income.rates.low_income_tax_tables.surviving_spouse.no_or_one_dependent,gov/states/ar/tax/income/rates/low_income_tax_tables/surviving_spouse/no_or_one_dependent.yaml,gov.bls.cpi.cpi_u,"Arkansas reduces the tax liability of low-income surviving spouse filers with up to one dependent to the following amount, in lieu of a standard or it"
parameter,CPI-U (Direct),gov.states.ar.tax.income.rates.low_income_tax_tables.surviving_spouse.two_or_more_dependents,gov/states/ar/tax/income/rates/low_income_tax_tables/surviving_spouse/two_or_more_dependents.yaml,gov.bls.cpi.cpi_u,"Arkansas reduces the tax liability of low-income surviving spouse filers with two or more dependents to the following amount, in lieu of a standard or"
parameter,CPI-U (Direct),gov.states.la.tax.income.deductions.standard.amount,gov/states/la/tax/income/deductions/standard/amount.yaml,gov.bls.cpi.cpi_u,"Louisiana provides the following standard deduction amount, based on filing status."
parameter,CPI-U (Direct),gov.usda.school_meals.amount.nslp,gov/usda/school_meals/amount/nslp.yaml,gov.bls.cpi.cpi_u,The USDA's National School Lunch Program reimburses these amounts per meal per child.
parameter,CPI-U (Direct),gov.usda.school_meals.amount.sbp,gov/usda/school_meals/amount/sbp.yaml,gov.bls.cpi.cpi_u,The USDA's School Breakfast Program reimburses these amounts per meal per child.
parameter,CPI-U (Direct),gov.usda.wic.value,gov/usda/wic/value.yaml,gov.bls.cpi.cpi_u,Average monthly pre-rebate value of WIC packages.
parameter,HHS (CPI-U),gov.hhs.fpg,gov/hhs/fpg.yaml,gov.hhs.uprating,Federal poverty guidelines published by the Department of Health and Human Services.
parameter,HHS (CPI-U),gov.hhs.head_start.early_head_start.spending,gov/hhs/head_start/early_head_start/spending.yaml,gov.hhs.uprating,"The Administration for Children and Families spends this amount under for the Head Start program, based on state."
parameter,HHS (CPI-U),gov.hhs.head_start.spending,gov/hhs/head_start/spending.yaml,gov.hhs.uprating,"The Administration for Children and Families spends this amount under the Head Start program, based on state."
parameter,IRS (Chained CPI-U),gov.contrib.additional_tax_bracket.bracket,gov/contrib/additional_tax_bracket/bracket.yaml,"{'parameter': 'gov.irs.uprating', 'rounding': {'type': 'nearest', 'interval': 25}}",Income tax rates and brackets for tax units.
parameter,IRS (Chained CPI-U),gov.contrib.biden.budget_2025.capital_gains.income_threshold,gov/contrib/biden/budget_2025/capital_gains/income_threshold.yaml,gov.irs.uprating,"President Biden proposed taxing as ordinary income the excess of capital income above these thresholds, by filing status."
parameter,IRS (Chained CPI-U),gov.contrib.biden.budget_2025.medicare.threshold,gov/contrib/biden/budget_2025/medicare/threshold.yaml,gov.irs.uprating,President Biden proposed an additional Medicare tax rate for filers with adjusted gross income above this threshold.
parameter,IRS (Chained CPI-U),gov.contrib.biden.budget_2025.net_investment_income.threshold,gov/contrib/biden/budget_2025/net_investment_income/threshold.yaml,gov.irs.uprating,President Biden proposed an additional net investment income tax rate for filers with adjusted gross income above this threshold.
parameter,IRS (Chained CPI-U),gov.contrib.congress.afa.ctc.amount.base,gov/contrib/congress/afa/ctc/amount/base.yaml,"{'parameter': 'gov.irs.uprating', 'rounding': {'type': 'nearest', 'interval': 120}}",Senator Michael Bennet proposed a child tax credit of this base amount.
parameter,IRS (Chained CPI-U),gov.contrib.congress.afa.ctc.phase_out.threshold.lower,gov/contrib/congress/afa/ctc/phase_out/threshold/lower.yaml,"{'parameter': 'gov.irs.uprating', 'rounding': {'type': 'nearest', 'interval': 5000}}","Senator Michael Bennet proposed a child tax credit which phases out partially for filers with AGI above these thresholds, based on filing status."
parameter,IRS (Chained CPI-U),gov.contrib.congress.romney.family_security_act_2024.pregnant_mothers_credit.income_phase_in_end,gov/contrib/congress/romney/family_security_act_2024/pregnant_mothers_credit/income_phase_in_end.yaml,"{'parameter': 'gov.irs.uprating', 'rounding': {'type': 'nearest', 'interval': 100}}",Senator Mitt Romney proposed phasing in the Pregnant Mothers Tax Credit linearly from zero to this earnings level under the Family Security Act 3.0.
parameter,IRS (Chained CPI-U),gov.contrib.congress.romney.family_security_act_2_0.ctc.phase_in.income_phase_in_end,gov/contrib/congress/romney/family_security_act_2_0/ctc/phase_in/income_phase_in_end.yaml,"{'parameter': 'gov.irs.uprating', 'rounding': {'type': 'nearest', 'interval': 100}}",Senator Mitt Romney proposed phasing in the Child Tax Credit linearly from zero to this earnings level under the Family Security Act 2.0.
parameter,IRS (Chained CPI-U),gov.contrib.congress.tlaib.end_child_poverty_act.adult_dependent_credit.amount,gov/contrib/congress/tlaib/end_child_poverty_act/adult_dependent_credit/amount.yaml,gov.irs.uprating,Amount of Rep Tlaib's End Child Poverty Act (2022) adult dependent credit
parameter,IRS (Chained CPI-U),gov.contrib.congress.tlaib.end_child_poverty_act.filer_credit.amount,gov/contrib/congress/tlaib/end_child_poverty_act/filer_credit/amount.yaml,gov.irs.uprating,Amount of Rep Tlaib's End Child Poverty Act (2022) filer credit
parameter,IRS (Chained CPI-U),gov.contrib.congress.tlaib.end_child_poverty_act.filer_credit.phase_out.start,gov/contrib/congress/tlaib/end_child_poverty_act/filer_credit/phase_out/start.yaml,gov.irs.uprating,Phase-out start for Rep Tlaib's End Child Poverty Act (2022) filer credit
parameter,IRS (Chained CPI-U),gov.contrib.harris.lift.middle_class_tax_credit.cap,gov/contrib/harris/lift/middle_class_tax_credit/cap.yaml,"{'parameter': 'gov.irs.uprating', 'rounding': {'type': 'nearest', 'interval': 50}}",The Middle Class Tax Credit is capped at the following amount.
parameter,IRS (Chained CPI-U),gov.contrib.harris.lift.middle_class_tax_credit.phase_out.start,gov/contrib/harris/lift/middle_class_tax_credit/phase_out/start.yaml,"{'parameter': 'gov.irs.uprating', 'rounding': {'type': 'nearest', 'interval': 50}}","The Middle Class Tax Credit is phased-out for filers with adjusted gross income above this threshold, based on filing status."
parameter,IRS (Chained CPI-U),gov.contrib.harris.lift.middle_class_tax_credit.phase_out.width,gov/contrib/harris/lift/middle_class_tax_credit/phase_out/width.yaml,"{'parameter': 'gov.irs.uprating', 'rounding': {'type': 'nearest', 'interval': 50}}","The Middle Class Tax Credit is phased-out for filers with adjusted gross income above this threshold, based on filing status."
parameter,IRS (Chained CPI-U),gov.contrib.states.dc.property_tax.amount,gov/contrib/states/dc/property_tax/amount.yaml,"{'parameter': 'gov.irs.uprating', 'rounding': {'type': 'downwards', 'interval': 25}}","DC provides the following property tax credit amount, based on filing status."
parameter,IRS (Chained CPI-U),gov.contrib.states.dc.property_tax.income_limit.elderly,gov/contrib/states/dc/property_tax/income_limit/elderly.yaml,"{'parameter': 'gov.irs.uprating', 'rounding': {'type': 'downwards', 'interval': 25}}","DC limits the property tax credit to households with at least one elderly head or spouse with adjusted gross income below this threshold, based on fil"
parameter,IRS (Chained CPI-U),gov.contrib.states.dc.property_tax.income_limit.non_elderly,gov/contrib/states/dc/property_tax/income_limit/non_elderly.yaml,"{'parameter': 'gov.irs.uprating', 'rounding': {'type': 'downwards', 'interval': 25}}","DC limits the property tax credit to households with no elderly heads or spouses with adjusted gross income below this threshold, based on filing stat"
parameter,IRS (Chained CPI-U),gov.contrib.states.ny.wftc.amount.max,gov/contrib/states/ny/wftc/amount/max.yaml,"{'parameter': 'gov.irs.uprating', 'rounding': {'type': 'downwards', 'interval': 50}}",New York provides the following maximum Working Families Tax Credit amount per child.
parameter,IRS (Chained CPI-U),gov.contrib.states.ny.wftc.amount.min,gov/contrib/states/ny/wftc/amount/min.yaml,"{'parameter': 'gov.irs.uprating', 'rounding': {'type': 'downwards', 'interval': 50}}",New York provides the following minimum Working Families Tax Credit amount per child.
parameter,IRS (Chained CPI-U),gov.contrib.states.ny.wftc.reduction.married,gov/contrib/states/ny/wftc/reduction/married.yaml,"{'parameter': 'gov.irs.uprating', 'rounding': {'type': 'downwards', 'interval': 50}}","New York reduces the Working Families Tax Credit for married filers at this rate, based on state adjusted gross income."
parameter,IRS (Chained CPI-U),gov.contrib.states.ny.wftc.reduction.single,gov/contrib/states/ny/wftc/reduction/single.yaml,"{'parameter': 'gov.irs.uprating', 'rounding': {'type': 'downwards', 'interval': 50}}","New York reduces the Working Families Tax Credit for single filers at this rate, based on state adjusted gross income."
parameter,IRS (Chained CPI-U),gov.irs.ald.student_loan_interest.reduction.start,gov/irs/ald/student_loan_interest/reduction/start.yaml,"{'parameter': 'gov.irs.uprating', 'rounding': {'type': 'downwards', 'interval': 5000}}","IRS allows for a student loan interest deduction of this amount, based on filing status."
parameter,IRS (Chained CPI-U),gov.irs.credits.eitc.phase_out.max_investment_income,gov/irs/credits/eitc/phase_out/max_investment_income.yaml,gov.irs.uprating,Maximum investment income for EITC.
parameter,IRS (Chained CPI-U),gov.irs.credits.estate.base,gov/irs/credits/estate/base.yaml,"{'parameter': 'gov.irs.uprating', 'rounding': {'type': 'nearest', 'interval': 10000}}",The IRS provides this base exclusion amount under the estate tax credit.
parameter,IRS (Chained CPI-U),gov.irs.credits.retirement_saving.rate.joint,gov/irs/credits/retirement_saving/rate/joint.yaml,"{'parameter': 'gov.irs.uprating', 'rounding': {'type': 'nearest', 'interval': 500}}","IRS multiplies the qualified contributions by the following rate for joint filers under the Saver's Credit, based on adjusted gross income."
parameter,IRS (Chained CPI-U),gov.irs.deductions.itemized.limitation.applicable_amount,gov/irs/deductions/itemized/limitation/applicable_amount.yaml,"{'parameter': 'gov.irs.uprating', 'rounding': {'type': 'downwards', 'interval': 50}}","The US limits the itemized deductions to filers with adjusted gross income over this amount, based on filing status."
parameter,IRS (Chained CPI-U),gov.irs.deductions.itemized.reduction.agi_threshold,gov/irs/deductions/itemized/reduction/agi_threshold.yaml,"{'parameter': 'gov.irs.uprating', 'rounding': {'type': 'downwards', 'interval': 50}}","IRS deducts the total itemized deductions amount for filers with adjusted gross income below this amount, based on filing status."
parameter,IRS (Chained CPI-U),gov.irs.deductions.itemized.salt_and_real_estate.state_sales_tax_table.tax,gov/irs/deductions/itemized/salt_and_real_estate/state_sales_tax_table/tax.yaml,gov.irs.uprating,The IRS allows filers who do not log their state sales tax to enter these values instead for the state and local tax deduction.
parameter,IRS (Chained CPI-U),gov.irs.deductions.qbi.phase_out.start,gov/irs/deductions/qbi/phase_out/start.yaml,gov.irs.uprating,Threshold of taxable income (excluding QBID) after which the QBI deduction is phased out.
parameter,IRS (Chained CPI-U),gov.irs.deductions.standard.aged_or_blind.amount,gov/irs/deductions/standard/aged_or_blind/amount.yaml,gov.irs.uprating,Additional standard deduction for blind and aged
parameter,IRS (Chained CPI-U),gov.irs.deductions.standard.amount,gov/irs/deductions/standard/amount.yaml,gov.irs.uprating,Federal deduction from AGI if not itemizing.
parameter,IRS (Chained CPI-U),gov.irs.deductions.standard.dependent.amount,gov/irs/deductions/standard/dependent/amount.yaml,gov.irs.uprating,Maximum standard deduction for dependents
parameter,IRS (Chained CPI-U),gov.irs.income.amt.brackets,gov/irs/income/amt/brackets.yaml,gov.irs.uprating,The IRS provides the following Alternative Minimum Tax (AMT) brackets.
parameter,IRS (Chained CPI-U),gov.irs.income.amt.exemption.amount,gov/irs/income/amt/exemption/amount.yaml,gov.irs.uprating,AMT exemption amount
parameter,IRS (Chained CPI-U),gov.irs.income.amt.exemption.child.amount,gov/irs/income/amt/exemption/child/amount.yaml,gov.irs.uprating,Child AMT exemption additional income base
parameter,IRS (Chained CPI-U),gov.irs.income.amt.exemption.phase_out.start,gov/irs/income/amt/exemption/phase_out/start.yaml,gov.irs.uprating,AMT exemption phase-out start
parameter,IRS (Chained CPI-U),gov.irs.income.amt.exemption.separate_limit,gov/irs/income/amt/exemption/separate_limit.yaml,gov.irs.uprating,AMT exemption phase-out ending AMT taxable income for Married filing Separately. The AMT exemption is entirely disallowed beyond this AMT taxable inco
parameter,IRS (Chained CPI-U),gov.irs.income.bracket,gov/irs/income/bracket.yaml,"{'parameter': 'gov.irs.uprating', 'rounding': {'type': 'nearest', 'interval': 25}}",Income tax rates and brackets for tax units.
parameter,IRS (Chained CPI-U),gov.irs.income.exemption.amount,gov/irs/income/exemption/amount.yaml,gov.irs.uprating,Personal and dependent exemption amount
parameter,IRS (Chained CPI-U),gov.irs.income.exemption.phase_out.start,gov/irs/income/exemption/phase_out/start.yaml,gov.irs.uprating,Personal exemption phase-out starting income
parameter,IRS (Chained CPI-U),gov.states.ar.tax.income.deductions.itemized.tuition.weighted_average_tuition.four_year_college,gov/states/ar/tax/income/deductions/itemized/tuition/weighted_average_tuition/four_year_college.yaml,gov.irs.uprating,Arkansas defines the weighted average tuition for four-year colleges at this amount under the post secondary education tuition deduction.
parameter,IRS (Chained CPI-U),gov.states.ar.tax.income.deductions.itemized.tuition.weighted_average_tuition.two_year_college,gov/states/ar/tax/income/deductions/itemized/tuition/weighted_average_tuition/two_year_college.yaml,gov.irs.uprating,Arkansas defines the weighted average tuition for four-year colleges at this amount under the post secondary education tuition deduction.
parameter,IRS (Chained CPI-U),gov.states.ar.tax.income.rates.main.rate,gov/states/ar/tax/income/rates/main/rate.yaml,gov.irs.uprating,Arkansas taxes personal income at these amounts.
parameter,IRS (Chained CPI-U),gov.states.az.tax.income.credits.charitable_contribution.ceiling.qualifying_foster,gov/states/az/tax/income/credits/charitable_contribution/ceiling/qualifying_foster.yaml,"{'parameter': 'gov.irs.uprating', 'rounding': {'type': 'upwards', 'interval': 1}}",Arizona caps the credit for contributions to a qualifying foster care charitable organization at this amount.
parameter,IRS (Chained CPI-U),gov.states.az.tax.income.credits.charitable_contribution.ceiling.qualifying_organization,gov/states/az/tax/income/credits/charitable_contribution/ceiling/qualifying_organization.yaml,"{'parameter': 'gov.irs.uprating', 'rounding': {'type': 'upwards', 'interval': 1}}",Arizona caps its credit for contributions to Arizona-based organizations at this amount.
parameter,IRS (Chained CPI-U),gov.states.az.tax.income.deductions.standard.amount,gov/states/az/tax/income/deductions/standard/amount.yaml,gov.irs.uprating,"Arizona provides filers a standard deduction of this amount, depending on their filing status."
parameter,IRS (Chained CPI-U),gov.states.ca.cpi,gov/states/ca/cpi.yaml,gov.irs.uprating,California CPI (from the current year's June)
parameter,IRS (Chained CPI-U),gov.states.co.tax.income.credits.family_affordability.reduction.increment,gov/states/co/tax/income/credits/family_affordability/reduction/increment.yaml,"{'parameter': 'gov.irs.uprating', 'rounding': {'type': 'downwards', 'interval': 1000}}",Colorado reduces the family affordability tax credit in these increments of adjusted gross income exceeding the threshold.
parameter,IRS (Chained CPI-U),gov.states.co.tax.income.credits.family_affordability.reduction.threshold,gov/states/co/tax/income/credits/family_affordability/reduction/threshold.yaml,"{'parameter': 'gov.irs.uprating', 'rounding': {'type': 'nearest', 'interval': 1000}}","Colorado reduces the family affordability tax credit starting at this adjusted gross income threshold, based on filing status."
parameter,IRS (Chained CPI-U),gov.states.co.tax.income.subtractions.collegeinvest_contribution.max_amount,gov/states/co/tax/income/subtractions/collegeinvest_contribution/max_amount.yaml,"{'parameter': 'gov.irs.uprating', 'rounding': {'type': 'nearest', 'interval': 100}}",Colorado limits the CollegeInvest contribution subtraction to this maximum amount.
parameter,IRS (Chained CPI-U),gov.states.dc.tax.income.credits.ctc.amount,gov/states/dc/tax/income/credits/ctc/amount.yaml,"{'parameter': 'gov.irs.uprating', 'rounding': {'type': 'downwards', 'interval': 5}}",DC provides a Child Tax Credit of this amount per eligible child.
parameter,IRS (Chained CPI-U),gov.states.dc.tax.income.credits.ctc.income_threshold,gov/states/dc/tax/income/credits/ctc/income_threshold.yaml,"{'parameter': 'gov.irs.uprating', 'rounding': {'type': 'downwards', 'interval': 100}}","DC limits its Child Tax Credit to filers with taxable income below the following amount, based on filing status."
parameter,IRS (Chained CPI-U),gov.states.dc.tax.income.credits.eitc.without_children.phase_out.start,gov/states/dc/tax/income/credits/eitc/without_children/phase_out/start.yaml,{'parameter': 'gov.irs.uprating'},DC phases out its EITC for filers without qualifying children for income above this threshold.
parameter,IRS (Chained CPI-U),gov.states.dc.tax.income.credits.kccatc.income_limit,gov/states/dc/tax/income/credits/kccatc/income_limit.yaml,"{'parameter': 'gov.irs.uprating', 'rounding': {'type': 'downwards', 'interval': 100}}",DC limits the keep child care affordable tax credit to those whose DC taxable income does not exceed this limit.
parameter,IRS (Chained CPI-U),gov.states.dc.tax.income.credits.kccatc.max_amount,gov/states/dc/tax/income/credits/kccatc/max_amount.yaml,"{'parameter': 'gov.irs.uprating', 'rounding': {'type': 'downwards', 'interval': 5}}",DC keep child care affordable tax credit is limited to this maximum amount per eligible child.
parameter,IRS (Chained CPI-U),gov.states.dc.tax.income.credits.ptc.fraction_elderly,gov/states/dc/tax/income/credits/ptc/fraction_elderly.yaml,"{'parameter': 'gov.irs.uprating', 'rounding': {'type': 'downwards', 'interval': 100}}",DC property tax credit offset is this AGI-specific fraction of US AGI for elderly.
parameter,IRS (Chained CPI-U),gov.states.dc.tax.income.credits.ptc.fraction_nonelderly,gov/states/dc/tax/income/credits/ptc/fraction_nonelderly.yaml,"{'parameter': 'gov.irs.uprating', 'rounding': {'type': 'downwards', 'interval': 100}}",DC property tax credit offset is this AGI-specific fraction of US AGI for non-elderly.
parameter,IRS (Chained CPI-U),gov.states.dc.tax.income.credits.ptc.max,gov/states/dc/tax/income/credits/ptc/max.yaml,"{'parameter': 'gov.irs.uprating', 'rounding': {'type': 'downwards', 'interval': 25}}",DC property tax credit is limited to this maximum amount.
parameter,IRS (Chained CPI-U),gov.states.hi.tax.income.subtractions.military_pay.cap,gov/states/hi/tax/income/subtractions/military_pay/cap.yaml,gov.irs.uprating,Hawaii caps the military reserve or Hawaii national guard duty pay exclusion at this amount.
parameter,IRS (Chained CPI-U),gov.states.id.tax.income.deductions.retirement_benefits.cap,gov/states/id/tax/income/deductions/retirement_benefits/cap.yaml,gov.irs.uprating,"Idaho caps the retirement benefits deduction to this amount, based on filing status."
parameter,IRS (Chained CPI-U),gov.states.id.tax.income.main.head_of_household,gov/states/id/tax/income/main/head_of_household.yaml,{'parameter': 'gov.irs.uprating'},Idaho taxes income of head of household filers at this rate.
parameter,IRS (Chained CPI-U),gov.states.id.tax.income.main.joint,gov/states/id/tax/income/main/joint.yaml,{'parameter': 'gov.irs.uprating'},Idaho taxes income of joint filers at this rate.
parameter,IRS (Chained CPI-U),gov.states.id.tax.income.main.separate,gov/states/id/tax/income/main/separate.yaml,{'parameter': 'gov.irs.uprating'},Idaho taxes income of separate filers at this rate.
parameter,IRS (Chained CPI-U),gov.states.id.tax.income.main.single,gov/states/id/tax/income/main/single.yaml,{'parameter': 'gov.irs.uprating'},Idaho taxes income of single filers at this rate.
parameter,IRS (Chained CPI-U),gov.states.id.tax.income.main.surviving_spouse,gov/states/id/tax/income/main/surviving_spouse.yaml,{'parameter': 'gov.irs.uprating'},Idaho taxes income of surviving spouse filers at this rate.
parameter,IRS (Chained CPI-U),gov.states.il.tax.income.exemption.dependent,gov/states/il/tax/income/exemption/dependent.yaml,"{'parameter': 'gov.irs.uprating', 'rounding': {'type': 'nearest', 'interval': 25}}",Illinois provides the following exemption amount for each dependent.
parameter,IRS (Chained CPI-U),gov.states.il.tax.income.exemption.personal,gov/states/il/tax/income/exemption/personal.yaml,"{'parameter': 'gov.irs.uprating', 'rounding': {'type': 'nearest', 'interval': 25}}",Illinois provides the following personal exemption allowance amount.
parameter,IRS (Chained CPI-U),gov.states.ky.tax.income.deductions.standard,gov/states/ky/tax/income/deductions/standard.yaml,gov.irs.uprating,Kentucky provides this standard deduction amount.
parameter,IRS (Chained CPI-U),gov.states.ma.tax.income.credits.senior_circuit_breaker.amount.max,gov/states/ma/tax/income/credits/senior_circuit_breaker/amount/max.yaml,"{'parameter': 'gov.irs.uprating', 'rounding': {'type': 'nearest', 'interval': 10}}",Maximum payment under the Massachusetts Senior Circuit Breaker credit.
parameter,IRS (Chained CPI-U),gov.states.ma.tax.income.credits.senior_circuit_breaker.eligibility.max_income,gov/states/ma/tax/income/credits/senior_circuit_breaker/eligibility/max_income.yaml,"{'parameter': 'gov.irs.uprating', 'rounding': {'type': 'downwards', 'interval': 1000}}",Massachusetts limits the Senior Circuit Breaker credit to filers with qualifying income below this value.
parameter,IRS (Chained CPI-U),gov.states.ma.tax.income.credits.senior_circuit_breaker.eligibility.max_property_value,gov/states/ma/tax/income/credits/senior_circuit_breaker/eligibility/max_property_value.yaml,"{'parameter': 'gov.irs.uprating', 'rounding': {'type': 'nearest', 'interval': 1000}}",Maximum assessed property value for the Massachusetts Senior Circuit Breaker credit.
parameter,IRS (Chained CPI-U),gov.states.md.tax.income.credits.cdcc.eligibility.agi_cap,gov/states/md/tax/income/credits/cdcc/eligibility/agi_cap.yaml,"{'parameter': 'gov.irs.uprating', 'rounding': {'type': 'downwards', 'interval': 50}}",Maryland limits its Child and Dependent Care Credit to filers whose adjusted gross income does not exceed these thresholds.
parameter,IRS (Chained CPI-U),gov.states.md.tax.income.credits.cdcc.eligibility.refundable_agi_cap,gov/states/md/tax/income/credits/cdcc/eligibility/refundable_agi_cap.yaml,"{'parameter': 'gov.irs.uprating', 'rounding': {'type': 'downwards', 'interval': 50}}",Maryland limits its refundable Child and Dependent Care Credit to filers with adjusted gross income below these thresholds.
parameter,IRS (Chained CPI-U),gov.states.md.tax.income.deductions.standard.flat_deduction.amount,gov/states/md/tax/income/deductions/standard/flat_deduction/amount.yaml,"{'parameter': 'gov.irs.uprating', 'rounding': {'type': 'downwards', 'interval': 50}}","Maryland applies the following flat standard deduction amount post 2025, based on filing status."
parameter,IRS (Chained CPI-U),gov.states.md.tax.income.deductions.standard.max,gov/states/md/tax/income/deductions/standard/max.yaml,"{'parameter': 'gov.irs.uprating', 'rounding': {'type': 'downwards', 'interval': 50}}",Maryland provides a standard deduction of up to this amount.
parameter,IRS (Chained CPI-U),gov.states.md.tax.income.deductions.standard.min,gov/states/md/tax/income/deductions/standard/min.yaml,"{'parameter': 'gov.irs.uprating', 'rounding': {'type': 'downwards', 'interval': 50}}",Maryland provides a standard deduction of at least this amount.
parameter,IRS (Chained CPI-U),gov.states.me.tax.income.credits.dependent_exemption.amount,gov/states/me/tax/income/credits/dependent_exemption/amount.yaml,"{'parameter': 'gov.irs.uprating', 'rounding': {'type': 'downwards', 'interval': 5}}",Maine provides up to this dependent exemption credit amount.
parameter,IRS (Chained CPI-U),gov.states.me.tax.income.credits.dependent_exemption.phase_out.start,gov/states/me/tax/income/credits/dependent_exemption/phase_out/start.yaml,gov.irs.uprating,Maine reduces its dependent exemption credit for filers with Maine adjusted gross income above this threshold.
parameter,IRS (Chained CPI-U),gov.states.me.tax.income.credits.fairness.property_tax.benefit_base.head_of_household_one_child,gov/states/me/tax/income/credits/fairness/property_tax/benefit_base/head_of_household_one_child.yaml,"{'parameter': 'gov.irs.uprating', 'rounding': {'type': 'downwards', 'interval': 50}}",Maine allows for this property tax fairness credit benefit base for head of household with one child or joint filers with no child
parameter,IRS (Chained CPI-U),gov.states.me.tax.income.credits.fairness.property_tax.benefit_base.joint_or_head_of_household_multiple_children,gov/states/me/tax/income/credits/fairness/property_tax/benefit_base/joint_or_head_of_household_multiple_children.yaml,"{'parameter': 'gov.irs.uprating', 'rounding': {'type': 'downwards', 'interval': 50}}",Maine allows for this property tax fairness credit benefit base for head of household with multiple children or joint filers with one child or more.
parameter,IRS (Chained CPI-U),gov.states.me.tax.income.credits.fairness.property_tax.benefit_base.senior,gov/states/me/tax/income/credits/fairness/property_tax/benefit_base/senior.yaml,gov.irs.uprating,Maine allows for this property tax fairness credit benefit base for seniors.
parameter,IRS (Chained CPI-U),gov.states.me.tax.income.credits.fairness.property_tax.benefit_base.single,gov/states/me/tax/income/credits/fairness/property_tax/benefit_base/single.yaml,"{'parameter': 'gov.irs.uprating', 'rounding': {'type': 'downwards', 'interval': 50}}",Maine allows for this property tax fairness credit benefit base for single filers
parameter,IRS (Chained CPI-U),gov.states.me.tax.income.credits.fairness.sales_tax.amount.base,gov/states/me/tax/income/credits/fairness/sales_tax/amount/base.yaml,"{'parameter': 'gov.irs.uprating', 'rounding': {'type': 'downwards', 'interval': 5}}","Maine provides this sales tax fairness credit base amount to filers, based on the filing status."
parameter,IRS (Chained CPI-U),gov.states.me.tax.income.credits.fairness.sales_tax.reduction.start,gov/states/me/tax/income/credits/fairness/sales_tax/reduction/start.yaml,"{'parameter': 'gov.irs.uprating', 'rounding': {'type': 'downwards', 'interval': 50}}","Maine reduces the sales tax fairness credit for filers with income above this amount, based on filing status."
parameter,IRS (Chained CPI-U),gov.states.me.tax.income.deductions.itemized.cap,gov/states/me/tax/income/deductions/itemized/cap.yaml,"{'parameter': 'gov.irs.uprating', 'rounding': {'type': 'downwards', 'interval': 50}}",Maine caps its itemized deductions before medical and dental expenses at this amount.
parameter,IRS (Chained CPI-U),gov.states.me.tax.income.deductions.personal_exemption.amount,gov/states/me/tax/income/deductions/personal_exemption/amount.yaml,"{'parameter': 'gov.irs.uprating', 'rounding': {'type': 'downwards', 'interval': 50}}",Maine personal exemption amount
parameter,IRS (Chained CPI-U),gov.states.me.tax.income.deductions.personal_exemption.phaseout.start,gov/states/me/tax/income/deductions/personal_exemption/phaseout/start.yaml,"{'parameter': 'gov.irs.uprating', 'rounding': {'type': 'downwards', 'interval': 50}}",Maine starts phasing out its personal exemption for filers with Maine AGI above this threshold.
parameter,IRS (Chained CPI-U),gov.states.me.tax.income.deductions.phase_out.start,gov/states/me/tax/income/deductions/phase_out/start.yaml,"{'parameter': 'gov.irs.uprating', 'rounding': {'type': 'downwards', 'interval': 50}}",Maine starts phasing out its standard/itemized deduction for filers with Maine AGI above this threshold.
parameter,IRS (Chained CPI-U),gov.states.mi.tax.income.credits.home_heating.additional_exemption.amount,gov/states/mi/tax/income/credits/home_heating/additional_exemption/amount.yaml,{'parameter': 'gov.irs.uprating'},Michigan increases the home heating base by this amount for each additional exemption.
parameter,IRS (Chained CPI-U),gov.states.mi.tax.income.credits.home_heating.alternate.heating_costs.cap,gov/states/mi/tax/income/credits/home_heating/alternate/heating_costs/cap.yaml,{'parameter': 'gov.irs.uprating'},Michigan caps the total heating costs at this amount under the alternate home heating credit computation.
parameter,IRS (Chained CPI-U),gov.states.mi.tax.income.credits.home_heating.alternate.household_resources.cap,gov/states/mi/tax/income/credits/home_heating/alternate/household_resources/cap.yaml,{'parameter': 'gov.irs.uprating'},"Michigan caps the total household resources at this amount under the alternate home heating credit, based on the number of exemptions."
parameter,IRS (Chained CPI-U),gov.states.mi.tax.income.credits.home_heating.standard.base,gov/states/mi/tax/income/credits/home_heating/standard/base.yaml,{'parameter': 'gov.irs.uprating'},"Michigan provides this base amount of standard home heating credit, based on the number of exemptions."
parameter,IRS (Chained CPI-U),gov.states.mi.tax.income.credits.homestead_property_tax.cap,gov/states/mi/tax/income/credits/homestead_property_tax/cap.yaml,"{'parameter': 'gov.irs.uprating', 'rounding': {'type': 'downwards', 'interval': 100}}",Michigan caps the homestead property tax credit at this amount.
parameter,IRS (Chained CPI-U),gov.states.mi.tax.income.credits.homestead_property_tax.property_value_limit,gov/states/mi/tax/income/credits/homestead_property_tax/property_value_limit.yaml,"{'parameter': 'gov.irs.uprating', 'rounding': {'type': 'downwards', 'interval': 100}}",Michigan limits the homestead property tax credit to filers with property value below this amount.
parameter,IRS (Chained CPI-U),gov.states.mi.tax.income.credits.homestead_property_tax.reduction.start,gov/states/mi/tax/income/credits/homestead_property_tax/reduction/start.yaml,"{'parameter': 'gov.irs.uprating', 'rounding': {'type': 'downwards', 'interval': 100}}",Michigan phases its homestead property tax credit out for filers with household resources above this threshold.
parameter,IRS (Chained CPI-U),gov.states.mi.tax.income.deductions.interest_dividends_capital_gains.amount,gov/states/mi/tax/income/deductions/interest_dividends_capital_gains/amount.yaml,{'parameter': 'gov.irs.uprating'},"Michigan provides this interest, dividends, and capital gains deduction amount, based on filing status."
parameter,IRS (Chained CPI-U),gov.states.mi.tax.income.deductions.retirement_benefits.tier_one.amount,gov/states/mi/tax/income/deductions/retirement_benefits/tier_one/amount.yaml,{'parameter': 'gov.irs.uprating'},Michigan provides this tier one retirement and pension benefits amount.
parameter,IRS (Chained CPI-U),gov.states.mi.tax.income.exemptions.disabled.amount.base,gov/states/mi/tax/income/exemptions/disabled/amount/base.yaml,"{'parameter': 'gov.irs.uprating', 'rounding': {'type': 'downwards', 'interval': 100}}",Michigan provides this exemption amount for each disabled person or dependent in the household.
parameter,IRS (Chained CPI-U),gov.states.mi.tax.income.exemptions.personal,gov/states/mi/tax/income/exemptions/personal.yaml,"{'parameter': 'gov.irs.uprating', 'rounding': {'type': 'nearest', 'interval': 50}}","Michigan provides this exemption amount for the filer and spouse of the tax unit, each dependent, and each of the filers stillborn children."
parameter,IRS (Chained CPI-U),gov.states.mn.tax.income.amt.fractional_income_threshold,gov/states/mn/tax/income/amt/fractional_income_threshold.yaml,"{'parameter': 'gov.irs.uprating', 'rounding': {'type': 'nearest', 'interval': 10}}",Minnesota has an alternative income tax (AMT) the calculation of which involves this fractional excess income threshold.
parameter,IRS (Chained CPI-U),gov.states.mn.tax.income.credits.cdcc.phaseout_threshold,gov/states/mn/tax/income/credits/cdcc/phaseout_threshold.yaml,"{'parameter': 'gov.irs.uprating', 'rounding': {'type': 'nearest', 'interval': 10}}",Minnesota has a child/dependent care credit which begins to be phased out when federal AGI exceeds this threshold.
parameter,IRS (Chained CPI-U),gov.states.mn.tax.income.credits.cwfc.ctc.amount,gov/states/mn/tax/income/credits/cwfc/ctc/amount.yaml,"{'parameter': 'gov.irs.uprating', 'rounding': {'type': 'nearest', 'interval': 60}}",Minnesota provides the following child tax credit amount for each qualifying child.
parameter,IRS (Chained CPI-U),gov.states.mn.tax.income.credits.cwfc.phase_out.threshold.joint,gov/states/mn/tax/income/credits/cwfc/phase_out/threshold/joint.yaml,"{'parameter': 'gov.irs.uprating', 'rounding': {'type': 'nearest', 'interval': 10}}",Minnesota phases the child and working families tax credit out over this threshold for joint filers with the larger of earned income or adjusted gross
parameter,IRS (Chained CPI-U),gov.states.mn.tax.income.credits.cwfc.phase_out.threshold.other,gov/states/mn/tax/income/credits/cwfc/phase_out/threshold/other.yaml,"{'parameter': 'gov.irs.uprating', 'rounding': {'type': 'nearest', 'interval': 10}}",Minnesota phases the child and working families tax credit out over this threshold for non-joint filers with the larger of earned income or adjusted g
parameter,IRS (Chained CPI-U),gov.states.mn.tax.income.credits.cwfc.wfc.additional.amount,gov/states/mn/tax/income/credits/cwfc/wfc/additional/amount.yaml,"{'parameter': 'gov.irs.uprating', 'rounding': {'type': 'nearest', 'interval': 10}}","Minnesota provides an additional working family credit amount, based on the number of qualifying older children."
parameter,IRS (Chained CPI-U),gov.states.mn.tax.income.credits.cwfc.wfc.phase_in,gov/states/mn/tax/income/credits/cwfc/wfc/phase_in.yaml,"{'parameter': 'gov.irs.uprating', 'rounding': {'type': 'nearest', 'interval': 10}}","Minnesota phases the working family credit in at this rate, based on earned income."
parameter,IRS (Chained CPI-U),gov.states.mn.tax.income.credits.marriage.maximum_amount,gov/states/mn/tax/income/credits/marriage/maximum_amount.yaml,{'parameter': 'gov.irs.uprating'},Minnesota provides a marriage credit for joint filers where this is the maximum credit amount.
parameter,IRS (Chained CPI-U),gov.states.mn.tax.income.deductions.itemized.reduction.agi_threshold.high,gov/states/mn/tax/income/deductions/itemized/reduction/agi_threshold/high.yaml,"{'parameter': 'gov.irs.uprating', 'rounding': {'type': 'downwards', 'interval': 50}}",Minnesota reduces itemized deductions by a higher rate when federal adjusted gross income is above this threshold.
parameter,IRS (Chained CPI-U),gov.states.mn.tax.income.deductions.itemized.reduction.agi_threshold.low,gov/states/mn/tax/income/deductions/itemized/reduction/agi_threshold/low.yaml,"{'parameter': 'gov.irs.uprating', 'rounding': {'type': 'downwards', 'interval': 50}}",Minnesota reduces itemized deductions by a lower rate when federal adjusted gross income is above this threshold.
parameter,IRS (Chained CPI-U),gov.states.mn.tax.income.deductions.standard.base,gov/states/mn/tax/income/deductions/standard/base.yaml,"{'parameter': 'gov.irs.uprating', 'rounding': {'type': 'downwards', 'interval': 50}}",Minnesota provides this base standard deduction amount.
parameter,IRS (Chained CPI-U),gov.states.mn.tax.income.deductions.standard.extra,gov/states/mn/tax/income/deductions/standard/extra.yaml,"{'parameter': 'gov.irs.uprating', 'rounding': {'type': 'downwards', 'interval': 50}}",Minnesota provides this extra standard deduction amount for each aged/blind head/spouse.
parameter,IRS (Chained CPI-U),gov.states.mn.tax.income.deductions.standard.reduction.agi_threshold.high,gov/states/mn/tax/income/deductions/standard/reduction/agi_threshold/high.yaml,"{'parameter': 'gov.irs.uprating', 'rounding': {'type': 'downwards', 'interval': 50}}",Minnesota reduces the standard deduction by a higher rate for filers with adjusted gross income above this threshold.
parameter,IRS (Chained CPI-U),gov.states.mn.tax.income.deductions.standard.reduction.agi_threshold.low,gov/states/mn/tax/income/deductions/standard/reduction/agi_threshold/low.yaml,"{'parameter': 'gov.irs.uprating', 'rounding': {'type': 'downwards', 'interval': 50}}",Minnesota reduces the standard deduction by a lower rate for filers with adjusted gross income above this threshold.
parameter,IRS (Chained CPI-U),gov.states.mn.tax.income.exemptions.agi_threshold,gov/states/mn/tax/income/exemptions/agi_threshold.yaml,"{'parameter': 'gov.irs.uprating', 'rounding': {'type': 'downwards', 'interval': 50}}",Minnesota limits exemptions when federal adjusted gross income is above this threshold.
parameter,IRS (Chained CPI-U),gov.states.mn.tax.income.exemptions.amount,gov/states/mn/tax/income/exemptions/amount.yaml,"{'parameter': 'gov.irs.uprating', 'rounding': {'type': 'downwards', 'interval': 50}}",Minnesota allows this exemption amount per dependent.
parameter,IRS (Chained CPI-U),gov.states.mn.tax.income.rates.head_of_household,gov/states/mn/tax/income/rates/head_of_household.yaml,"{'parameter': 'gov.irs.uprating', 'rounding': {'type': 'nearest', 'interval': 10}}",Minnesota levies income taxes at these rates for filers who file as head of household.
parameter,IRS (Chained CPI-U),gov.states.mn.tax.income.rates.joint,gov/states/mn/tax/income/rates/joint.yaml,"{'parameter': 'gov.irs.uprating', 'rounding': {'type': 'nearest', 'interval': 10}}",Minnesota levies income taxes at these rates for filers who file as joint.
parameter,IRS (Chained CPI-U),gov.states.mn.tax.income.rates.separate,gov/states/mn/tax/income/rates/separate.yaml,"{'parameter': 'gov.irs.uprating', 'rounding': {'type': 'nearest', 'interval': 10}}",Minnesota levies income taxes at these rates for filers who file as separate.
parameter,IRS (Chained CPI-U),gov.states.mn.tax.income.rates.single,gov/states/mn/tax/income/rates/single.yaml,"{'parameter': 'gov.irs.uprating', 'rounding': {'type': 'nearest', 'interval': 10}}",Minnesota levies income taxes at these rates for filers who file as single.
parameter,IRS (Chained CPI-U),gov.states.mn.tax.income.rates.surviving_spouse,gov/states/mn/tax/income/rates/surviving_spouse.yaml,"{'parameter': 'gov.irs.uprating', 'rounding': {'type': 'nearest', 'interval': 10}}",Minnesota levies income taxes at these rates for filers who file as surviving spouse.
parameter,IRS (Chained CPI-U),gov.states.mn.tax.income.subtractions.pension_income.cap,gov/states/mn/tax/income/subtractions/pension_income/cap.yaml,"{'parameter': 'gov.irs.uprating', 'rounding': {'type': 'nearest', 'interval': 10}}","Minnesota caps the public pension income subtraction at this amount, based on filing status."
parameter,IRS (Chained CPI-U),gov.states.mn.tax.income.subtractions.pension_income.reduction.start,gov/states/mn/tax/income/subtractions/pension_income/reduction/start.yaml,"{'parameter': 'gov.irs.uprating', 'rounding': {'type': 'nearest', 'interval': 10}}","Minnesota provides the full public pension income subtraction for filers with adjusted gross income below this amount, based on filing status."
parameter,IRS (Chained CPI-U),gov.states.mn.tax.income.subtractions.social_security.alternative_amount,gov/states/mn/tax/income/subtractions/social_security/alternative_amount.yaml,"{'parameter': 'gov.irs.uprating', 'rounding': {'type': 'nearest', 'interval': 10}}",Minnesota allows subtraction from federal adjusted gross income of the lesser of US-taxable social security and an alternative amount with the complex
parameter,IRS (Chained CPI-U),gov.states.mn.tax.income.subtractions.social_security.income_amount,gov/states/mn/tax/income/subtractions/social_security/income_amount.yaml,"{'parameter': 'gov.irs.uprating', 'rounding': {'type': 'nearest', 'interval': 10}}",Minnesota allows subtraction from federal adjusted gross income of the lesser of US-taxable social security and an alternative amount with the complex
parameter,IRS (Chained CPI-U),gov.states.mn.tax.income.subtractions.social_security.reduction.start,gov/states/mn/tax/income/subtractions/social_security/reduction/start.yaml,"{'parameter': 'gov.irs.uprating', 'rounding': {'type': 'nearest', 'interval': 10}}","Minnesota reduces the social security subtraction for filers with adjusted gross income above this amount, based on filing status."
parameter,IRS (Chained CPI-U),gov.states.mo.tax.income.deductions.social_security_and_public_pension.mo_max_social_security_benefit,gov/states/mo/tax/income/deductions/social_security_and_public_pension/mo_max_social_security_benefit.yaml,gov.irs.uprating,Missouri provides maximum amount of social security benefit.
parameter,IRS (Chained CPI-U),gov.states.mo.tax.income.rates,gov/states/mo/tax/income/rates.yaml,gov.irs.uprating,Missouri taxes the individual residents with the following tax rates.
parameter,IRS (Chained CPI-U),gov.states.mt.tax.income.main.capital_gains.rates.head_of_household,gov/states/mt/tax/income/main/capital_gains/rates/head_of_household.yaml,"{'parameter': 'gov.irs.uprating', 'rounding': {'type': 'nearest', 'interval': 100}}","Montana taxes the net long-term capital gains by the following marginal rates for head of household filers, according to the taxable income."
parameter,IRS (Chained CPI-U),gov.states.mt.tax.income.main.capital_gains.rates.joint,gov/states/mt/tax/income/main/capital_gains/rates/joint.yaml,"{'parameter': 'gov.irs.uprating', 'rounding': {'type': 'nearest', 'interval': 100}}","Montana taxes the net long-term capital gains by the following marginal rates for joint filers, according to the taxable income."
parameter,IRS (Chained CPI-U),gov.states.mt.tax.income.main.capital_gains.rates.separate,gov/states/mt/tax/income/main/capital_gains/rates/separate.yaml,"{'parameter': 'gov.irs.uprating', 'rounding': {'type': 'nearest', 'interval': 100}}","Montana taxes the net long-term capital gains by the following marginal rates for separate filers, according to the taxable income."
parameter,IRS (Chained CPI-U),gov.states.mt.tax.income.main.capital_gains.rates.single,gov/states/mt/tax/income/main/capital_gains/rates/single.yaml,"{'parameter': 'gov.irs.uprating', 'rounding': {'type': 'nearest', 'interval': 100}}","Montana taxes the net long-term capital gains by the following marginal rates for single filers, according to the taxable income."
parameter,IRS (Chained CPI-U),gov.states.mt.tax.income.main.capital_gains.rates.surviving_spouse,gov/states/mt/tax/income/main/capital_gains/rates/surviving_spouse.yaml,"{'parameter': 'gov.irs.uprating', 'rounding': {'type': 'nearest', 'interval': 100}}","Montana taxes the net long-term capital gains by the following marginal rates for surviving spouse filers, according to the taxable income."
parameter,IRS (Chained CPI-U),gov.states.mt.tax.income.main.head_of_household,gov/states/mt/tax/income/main/head_of_household.yaml,"{'parameter': 'gov.irs.uprating', 'rounding': {'type': 'nearest', 'interval': 100}}",Montana taxes head of household filers at this rate structure.
parameter,IRS (Chained CPI-U),gov.states.mt.tax.income.main.joint,gov/states/mt/tax/income/main/joint.yaml,"{'parameter': 'gov.irs.uprating', 'rounding': {'type': 'nearest', 'interval': 100}}",Montana taxes joint filers at this rate structure.
parameter,IRS (Chained CPI-U),gov.states.mt.tax.income.main.separate,gov/states/mt/tax/income/main/separate.yaml,"{'parameter': 'gov.irs.uprating', 'rounding': {'type': 'nearest', 'interval': 100}}",Montana taxes separate filers at this rate structure.
parameter,IRS (Chained CPI-U),gov.states.mt.tax.income.main.single,gov/states/mt/tax/income/main/single.yaml,"{'parameter': 'gov.irs.uprating', 'rounding': {'type': 'nearest', 'interval': 100}}",Montana taxes single filers at this rate structure.
parameter,IRS (Chained CPI-U),gov.states.mt.tax.income.main.surviving_spouse,gov/states/mt/tax/income/main/surviving_spouse.yaml,"{'parameter': 'gov.irs.uprating', 'rounding': {'type': 'nearest', 'interval': 100}}",Montana taxes surviving spouses at this rate structure.
parameter,IRS (Chained CPI-U),gov.states.nd.tax.income.credits.marriage_penalty.maximum,gov/states/nd/tax/income/credits/marriage_penalty/maximum.yaml,gov.irs.uprating,North Dakota has a nonrefundable marriage-penalty credit for joint filers in which this is the maximum credit amount.
parameter,IRS (Chained CPI-U),gov.states.nd.tax.income.credits.marriage_penalty.qualified_income_threshold,gov/states/nd/tax/income/credits/marriage_penalty/qualified_income_threshold.yaml,gov.irs.uprating,North Dakota has a nonrefundable marriage-penalty credit for joint filers with smaller of head and spouse qualified income more than this amount.
parameter,IRS (Chained CPI-U),gov.states.nd.tax.income.credits.marriage_penalty.taxable_income_base,gov/states/nd/tax/income/credits/marriage_penalty/taxable_income_base.yaml,"{'parameter': 'gov.irs.uprating', 'rounding': {'type': 'downwards', 'interval': 50}}",North Dakota has a nonrefundable marriage-penalty credit for joint filers in which this is the base taxable income amount.
parameter,IRS (Chained CPI-U),gov.states.nd.tax.income.credits.marriage_penalty.taxable_income_threshold,gov/states/nd/tax/income/credits/marriage_penalty/taxable_income_threshold.yaml,gov.irs.uprating,North Dakota has a nonrefundable marriage-penalty credit for joint filers with state taxable income more than this amount.
parameter,IRS (Chained CPI-U),gov.states.nd.tax.income.rates.head_of_household,gov/states/nd/tax/income/rates/head_of_household.yaml,"{'parameter': 'gov.irs.uprating', 'rounding': {'type': 'downwards', 'interval': 25}}",North Dakota taxes income at these rates for head-of-household filing units.
parameter,IRS (Chained CPI-U),gov.states.nd.tax.income.rates.joint,gov/states/nd/tax/income/rates/joint.yaml,"{'parameter': 'gov.irs.uprating', 'rounding': {'type': 'downwards', 'interval': 25}}",North Dakota taxes income at these rates for joint filing units.
parameter,IRS (Chained CPI-U),gov.states.nd.tax.income.rates.separate,gov/states/nd/tax/income/rates/separate.yaml,"{'parameter': 'gov.irs.uprating', 'rounding': {'type': 'downwards', 'interval': 25}}",North Dakota taxes income at these rates for separate filing units.
parameter,IRS (Chained CPI-U),gov.states.nd.tax.income.rates.single,gov/states/nd/tax/income/rates/single.yaml,"{'parameter': 'gov.irs.uprating', 'rounding': {'type': 'downwards', 'interval': 25}}",North Dakota taxes income at these rates for single filing units.
parameter,IRS (Chained CPI-U),gov.states.nd.tax.income.rates.surviving_spouse,gov/states/nd/tax/income/rates/surviving_spouse.yaml,"{'parameter': 'gov.irs.uprating', 'rounding': {'type': 'downwards', 'interval': 25}}",North Dakota taxes income at these rates for surviving spouse filing units.
parameter,IRS (Chained CPI-U),gov.states.ne.tax.income.deductions.standard.base_amount,gov/states/ne/tax/income/deductions/standard/base_amount.yaml,"{'parameter': 'gov.irs.uprating', 'rounding': {'type': 'downwards', 'interval': 50}}",Nebraska provides this standard deduction base amount.
parameter,IRS (Chained CPI-U),gov.states.ne.tax.income.exemptions.amount,gov/states/ne/tax/income/exemptions/amount.yaml,gov.irs.uprating,Nebraska per-person exemption amount
parameter,IRS (Chained CPI-U),gov.states.ne.tax.income.rates.head_of_household,gov/states/ne/tax/income/rates/head_of_household.yaml,"{'parameter': 'gov.irs.uprating', 'rounding': {'type': 'nearest', 'interval': 10}}",Nebraska taxes head of household filers at these rates.
parameter,IRS (Chained CPI-U),gov.states.ne.tax.income.rates.joint,gov/states/ne/tax/income/rates/joint.yaml,"{'parameter': 'gov.irs.uprating', 'rounding': {'type': 'nearest', 'interval': 10}}",Nebraska taxes joint filers at these rates.
parameter,IRS (Chained CPI-U),gov.states.ne.tax.income.rates.separate,gov/states/ne/tax/income/rates/separate.yaml,"{'parameter': 'gov.irs.uprating', 'rounding': {'type': 'nearest', 'interval': 10}}",Nebraska taxes separate filers at these rates.
parameter,IRS (Chained CPI-U),gov.states.ne.tax.income.rates.single,gov/states/ne/tax/income/rates/single.yaml,"{'parameter': 'gov.irs.uprating', 'rounding': {'type': 'nearest', 'interval': 10}}",Nebraska taxes single filers at these rates.
parameter,IRS (Chained CPI-U),gov.states.ne.tax.income.rates.surviving_spouse,gov/states/ne/tax/income/rates/surviving_spouse.yaml,"{'parameter': 'gov.irs.uprating', 'rounding': {'type': 'nearest', 'interval': 10}}",Nebraska taxes surviving spouses at these rates.
parameter,IRS (Chained CPI-U),gov.states.nm.tax.income.credits.ctc.amount,gov/states/nm/tax/income/credits/ctc/amount.yaml,gov.irs.uprating,"New Mexico provides the following child income tax credit amount for filers, based on adjusted gross income."
parameter,IRS (Chained CPI-U),gov.states.nm.tax.income.rebates.low_income.amount.five_exemptions,gov/states/nm/tax/income/rebates/low_income/amount/five_exemptions.yaml,gov.irs.uprating,New Mexico provides the following low income comprehensive tax rebate for filers with five exemptions.
parameter,IRS (Chained CPI-U),gov.states.nm.tax.income.rebates.low_income.amount.four_exemptions,gov/states/nm/tax/income/rebates/low_income/amount/four_exemptions.yaml,gov.irs.uprating,New Mexico provides the following low income comprehensive tax rebate for filers with four exemptions.
parameter,IRS (Chained CPI-U),gov.states.nm.tax.income.rebates.low_income.amount.one_exemption,gov/states/nm/tax/income/rebates/low_income/amount/one_exemption.yaml,gov.irs.uprating,New Mexico provides the following low income comprehensive tax rebate for filers with one exemption.
parameter,IRS (Chained CPI-U),gov.states.nm.tax.income.rebates.low_income.amount.six_exemptions,gov/states/nm/tax/income/rebates/low_income/amount/six_exemptions.yaml,gov.irs.uprating,New Mexico provides the following low income comprehensive tax rebate for filers with six or more exemptions.
parameter,IRS (Chained CPI-U),gov.states.nm.tax.income.rebates.low_income.amount.three_exemptions,gov/states/nm/tax/income/rebates/low_income/amount/three_exemptions.yaml,gov.irs.uprating,New Mexico provides the following low income comprehensive tax rebate for filers with three exemptions.
parameter,IRS (Chained CPI-U),gov.states.nm.tax.income.rebates.low_income.amount.two_exemptions,gov/states/nm/tax/income/rebates/low_income/amount/two_exemptions.yaml,gov.irs.uprating,New Mexico provides the following low income comprehensive tax rebate for filers with two exemptions.
parameter,IRS (Chained CPI-U),gov.states.ny.tax.income.deductions.itemized.phase_out.start,gov/states/ny/tax/income/deductions/itemized/phase_out/start.yaml,"{'parameter': 'gov.irs.uprating', 'rounding': {'type': 'nearest', 'interval': 50}}",New York phases out itemized deductions for filers with federal adjusted gross income exceeding this threshold.
parameter,IRS (Chained CPI-U),gov.states.oh.tax.income.rates,gov/states/oh/tax/income/rates.yaml,"{'parameter': 'gov.irs.uprating', 'rounding': {'type': 'downwards', 'interval': 50}}","Ohio limits its tax rate, depending on modified adjusted gross income for the taxable year for trusts and estates."
parameter,IRS (Chained CPI-U),gov.states.or.tax.income.credits.ctc.reduction.start,gov/states/or/tax/income/credits/ctc/reduction/start.yaml,gov.irs.uprating,Oregon reduces its Child Tax Credit for filers with Oregon adjusted gross income exceeding this amount.
parameter,IRS (Chained CPI-U),gov.states.or.tax.income.credits.exemption.amount,gov/states/or/tax/income/credits/exemption/amount.yaml,gov.irs.uprating,Oregon provides a nonrefundable tax credit of this amount per exemption.
parameter,IRS (Chained CPI-U),gov.states.or.tax.income.deductions.standard.amount,gov/states/or/tax/income/deductions/standard/amount.yaml,"{'parameter': 'gov.irs.uprating', 'rounding': {'type': 'downwards', 'interval': 5}}",Oregon provides a standard deduction of this amount.
parameter,IRS (Chained CPI-U),gov.states.or.tax.income.deductions.standard.claimable_as_dependent.earned_income_addition,gov/states/or/tax/income/deductions/standard/claimable_as_dependent/earned_income_addition.yaml,"{'parameter': 'gov.irs.uprating', 'rounding': {'type': 'downwards', 'interval': 50}}","Oregon adds this to your earned income for you total standard deduction if you can be claimed as a dependent, up to the filing status maximum."
parameter,IRS (Chained CPI-U),gov.states.or.tax.income.deductions.standard.claimable_as_dependent.min,gov/states/or/tax/income/deductions/standard/claimable_as_dependent/min.yaml,gov.irs.uprating,Oregon provides a minimum standard deduction of this amount for filers who are claimable as a dependent.
parameter,IRS (Chained CPI-U),gov.states.or.tax.income.rates.head_of_household,gov/states/or/tax/income/rates/head_of_household.yaml,"{'parameter': 'gov.irs.uprating', 'rounding': {'type': 'downwards', 'interval': 100}}",Oregon taxes income at these rates for individuals filing as head of household.
parameter,IRS (Chained CPI-U),gov.states.or.tax.income.rates.joint,gov/states/or/tax/income/rates/joint.yaml,"{'parameter': 'gov.irs.uprating', 'rounding': {'type': 'downwards', 'interval': 100}}",Oregon taxes income at these rates for joint filers.
parameter,IRS (Chained CPI-U),gov.states.or.tax.income.rates.separate,gov/states/or/tax/income/rates/separate.yaml,"{'parameter': 'gov.irs.uprating', 'rounding': {'type': 'downwards', 'interval': 50}}",Oregon taxes income at these rates for filers that are married filing separately.
parameter,IRS (Chained CPI-U),gov.states.or.tax.income.rates.single,gov/states/or/tax/income/rates/single.yaml,"{'parameter': 'gov.irs.uprating', 'rounding': {'type': 'downwards', 'interval': 50}}",Oregon taxes income at these rates for single filers.
parameter,IRS (Chained CPI-U),gov.states.or.tax.income.rates.surviving_spouse,gov/states/or/tax/income/rates/surviving_spouse.yaml,"{'parameter': 'gov.irs.uprating', 'rounding': {'type': 'downwards', 'interval': 100}}",Oregon taxes income at these rates for surviving spouse filers.
parameter,IRS (Chained CPI-U),gov.states.or.tax.income.subtractions.federal_tax_liability.cap.head_of_household,gov/states/or/tax/income/subtractions/federal_tax_liability/cap/head_of_household.yaml,"{'parameter': 'gov.irs.uprating', 'rounding': {'type': 'downwards', 'interval': 50}}","Oregon caps its federal tax liability subtraction for head of household filers at this amount, depending on federal AGI."
parameter,IRS (Chained CPI-U),gov.states.or.tax.income.subtractions.federal_tax_liability.cap.joint,gov/states/or/tax/income/subtractions/federal_tax_liability/cap/joint.yaml,"{'parameter': 'gov.irs.uprating', 'rounding': {'type': 'downwards', 'interval': 50}}","Oregon caps its federal tax liability subtraction for joint filers at this amount, depending on federal AGI."
parameter,IRS (Chained CPI-U),gov.states.or.tax.income.subtractions.federal_tax_liability.cap.separate,gov/states/or/tax/income/subtractions/federal_tax_liability/cap/separate.yaml,"{'parameter': 'gov.irs.uprating', 'rounding': {'type': 'downwards', 'interval': 25}}","Oregon caps its federal tax liability subtraction for married filing separately filers at this amount, depending on federal AGI."
parameter,IRS (Chained CPI-U),gov.states.or.tax.income.subtractions.federal_tax_liability.cap.single,gov/states/or/tax/income/subtractions/federal_tax_liability/cap/single.yaml,"{'parameter': 'gov.irs.uprating', 'rounding': {'type': 'downwards', 'interval': 50}}","Oregon caps its federal tax liability subtraction for single filers at this amount, depending on federal AGI."
parameter,IRS (Chained CPI-U),gov.states.or.tax.income.subtractions.federal_tax_liability.cap.surviving_spouse,gov/states/or/tax/income/subtractions/federal_tax_liability/cap/surviving_spouse.yaml,"{'parameter': 'gov.irs.uprating', 'rounding': {'type': 'downwards', 'interval': 50}}","Oregon caps its federal tax liability subtraction for surviving spouse filers at this amount, depending on federal AGI."
parameter,IRS (Chained CPI-U),gov.states.ri.tax.income.agi.subtractions.social_security.limit.income,gov/states/ri/tax/income/agi/subtractions/social_security/limit/income.yaml,"{'parameter': 'gov.irs.uprating', 'rounding': {'type': 'downwards', 'interval': 50}}","Rhode Island subtracts taxable social security benefits for filers with federal adjusted gross income below this amount, based on filing status."
parameter,IRS (Chained CPI-U),gov.states.ri.tax.income.agi.subtractions.taxable_retirement_income.income_limit,gov/states/ri/tax/income/agi/subtractions/taxable_retirement_income/income_limit.yaml,"{'parameter': 'gov.irs.uprating', 'rounding': {'type': 'downwards', 'interval': 50}}","Rhode Island subtracts taxable retirement income for filers with federal adjusted gross income below this amount, based on filing status."
parameter,IRS (Chained CPI-U),gov.states.ri.tax.income.credits.property_tax.max_amount,gov/states/ri/tax/income/credits/property_tax/max_amount.yaml,"{'parameter': 'gov.irs.uprating', 'rounding': {'type': 'downwards', 'interval': 5}}",Rhode Island provides the following maximum amount under the property tax credit.
parameter,IRS (Chained CPI-U),gov.states.ri.tax.income.credits.property_tax.rate.multiple_people,gov/states/ri/tax/income/credits/property_tax/rate/multiple_people.yaml,"{'parameter': 'gov.irs.uprating', 'rounding': {'type': 'downwards', 'interval': 5}}","Rhode Island provides a property tax credit for property taxes exceeding this fraction of income, for filers in a multiple-people household, depending"
parameter,IRS (Chained CPI-U),gov.states.ri.tax.income.credits.property_tax.rate.one_person,gov/states/ri/tax/income/credits/property_tax/rate/one_person.yaml,"{'parameter': 'gov.irs.uprating', 'rounding': {'type': 'downwards', 'interval': 5}}","Rhode Island provides a property tax credit for property taxes exceeding this fraction of income, for filers in a one-person household, depending on i"
parameter,IRS (Chained CPI-U),gov.states.ri.tax.income.deductions.standard.amount,gov/states/ri/tax/income/deductions/standard/amount.yaml,"{'parameter': 'gov.irs.uprating', 'rounding': {'type': 'downwards', 'interval': 50}}","Rhode Island provides filers a standard deduction of this amount, depending on filing status."
parameter,IRS (Chained CPI-U),gov.states.ri.tax.income.deductions.standard.phase_out.increment,gov/states/ri/tax/income/deductions/standard/phase_out/increment.yaml,"{'parameter': 'gov.irs.uprating', 'rounding': {'type': 'downwards', 'interval': 50}}",Rhode Island phases the standard deduction out at this increment.
parameter,IRS (Chained CPI-U),gov.states.ri.tax.income.deductions.standard.phase_out.start,gov/states/ri/tax/income/deductions/standard/phase_out/start.yaml,"{'parameter': 'gov.irs.uprating', 'rounding': {'type': 'downwards', 'interval': 50}}",Rhode Island phases the standard deduction out for filers with income above this threshold.
parameter,IRS (Chained CPI-U),gov.states.ri.tax.income.exemption.amount,gov/states/ri/tax/income/exemption/amount.yaml,"{'parameter': 'gov.irs.uprating', 'rounding': {'type': 'downwards', 'interval': 50}}",Rhode Island provides the following amount for each exemption in the tax unit.
parameter,IRS (Chained CPI-U),gov.states.ri.tax.income.exemption.reduction.increment,gov/states/ri/tax/income/exemption/reduction/increment.yaml,"{'parameter': 'gov.irs.uprating', 'rounding': {'type': 'downwards', 'interval': 50}}",Rhode Island reduces the exemption amount for each of these increments of state adjusted gross income exceeding the threshold.
parameter,IRS (Chained CPI-U),gov.states.ri.tax.income.exemption.reduction.start,gov/states/ri/tax/income/exemption/reduction/start.yaml,"{'parameter': 'gov.irs.uprating', 'rounding': {'type': 'downwards', 'interval': 50}}",Rhode Island reduces the exemption for filers with state adjusted gross income above this amount.
parameter,IRS (Chained CPI-U),gov.states.sc.tax.income.deductions.young_child.amount,gov/states/sc/tax/income/deductions/young_child/amount.yaml,gov.irs.uprating,South Carolina provides a young child deduction of this amount.
parameter,IRS (Chained CPI-U),gov.states.sc.tax.income.rates,gov/states/sc/tax/income/rates.yaml,gov.irs.uprating,South Carolina taxes the income of individuals at this rate.
parameter,IRS (Chained CPI-U),gov.states.ut.tax.income.credits.taxpayer.personal_exemption,gov/states/ut/tax/income/credits/taxpayer/personal_exemption.yaml,gov.irs.uprating,This exemption is added to federal standard or itemized deductions for the taxpayer credit.
parameter,IRS (Chained CPI-U),gov.states.ut.tax.income.credits.taxpayer.phase_out.threshold,gov/states/ut/tax/income/credits/taxpayer/phase_out/threshold.yaml,gov.irs.uprating,The Utah taxpayer credit is phased out for taxpayers with incomes above this threshold.
parameter,IRS (Chained CPI-U),gov.states.va.tax.income.deductions.itemized.applicable_amount,gov/states/va/tax/income/deductions/itemized/applicable_amount.yaml,"{'parameter': 'gov.irs.uprating', 'rounding': {'type': 'downwards', 'interval': 50}}","Virginia limits the value of itemized deductions if federal adjusted gross income exceeds this amount, which varies by filing status."
parameter,IRS (Chained CPI-U),gov.states.vt.tax.income.deductions.standard.additional,gov/states/vt/tax/income/deductions/standard/additional.yaml,gov.irs.uprating,Vermont provides this additional standard deduction amount for each aged or blind head or spouse.
parameter,IRS (Chained CPI-U),gov.states.vt.tax.income.deductions.standard.base,gov/states/vt/tax/income/deductions/standard/base.yaml,gov.irs.uprating,Vermont provides this standard deduction based on filing status.
parameter,IRS (Chained CPI-U),gov.states.vt.tax.income.exemption.personal,gov/states/vt/tax/income/exemption/personal.yaml,"{'parameter': 'gov.irs.uprating', 'rounding': {'type': 'downwards', 'interval': 50}}",Vermont provides the following personal exemption amount.
parameter,IRS (Chained CPI-U),gov.states.vt.tax.income.rates.head_of_household,gov/states/vt/tax/income/rates/head_of_household.yaml,gov.irs.uprating,Vermont taxes income of head of household filers at this rate.
parameter,IRS (Chained CPI-U),gov.states.vt.tax.income.rates.joint,gov/states/vt/tax/income/rates/joint.yaml,gov.irs.uprating,Vermont taxes income of joint filers at this rate.
parameter,IRS (Chained CPI-U),gov.states.vt.tax.income.rates.separate,gov/states/vt/tax/income/rates/separate.yaml,gov.irs.uprating,Vermont taxes income of separate filers at this rate.
parameter,IRS (Chained CPI-U),gov.states.vt.tax.income.rates.single,gov/states/vt/tax/income/rates/single.yaml,gov.irs.uprating,Vermont taxes income of single filers at this rate.
parameter,IRS (Chained CPI-U),gov.states.vt.tax.income.rates.surviving_spouse,gov/states/vt/tax/income/rates/surviving_spouse.yaml,gov.irs.uprating,Vermont taxes income of surviving spouse filers at this rate.
parameter,IRS (Chained CPI-U),gov.states.wa.tax.income.capital_gains.deductions.charitable.cap,gov/states/wa/tax/income/capital_gains/deductions/charitable/cap.yaml,"{'parameter': 'gov.irs.uprating', 'rounding': {'type': 'nearest', 'interval': 1000}}",Washington capital gains charitable contribution cap.
parameter,IRS (Chained CPI-U),gov.states.wa.tax.income.capital_gains.deductions.charitable.exemption,gov/states/wa/tax/income/capital_gains/deductions/charitable/exemption.yaml,"{'parameter': 'gov.irs.uprating', 'rounding': {'type': 'nearest', 'interval': 1000}}",Washington capital gains charitable contribution exemption.
parameter,IRS (Chained CPI-U),gov.states.wa.tax.income.capital_gains.deductions.standard,gov/states/wa/tax/income/capital_gains/deductions/standard.yaml,"{'parameter': 'gov.irs.uprating', 'rounding': {'type': 'nearest', 'interval': 1000}}",Washington capital gains standard deduction.
parameter,IRS (Chained CPI-U),gov.states.wa.tax.income.credits.working_families_tax_credit.amount,gov/states/wa/tax/income/credits/working_families_tax_credit/amount.yaml,gov.irs.uprating,Washington Working Families Tax Credit maximum amount by number of children.
parameter,IRS (Chained CPI-U),gov.states.wi.tax.income.deductions.standard.max,gov/states/wi/tax/income/deductions/standard/max.yaml,"{'parameter': 'gov.irs.uprating', 'rounding': {'type': 'nearest', 'interval': 10}}",Wisconsin provides this standard deduction amount before phase out.
parameter,IRS (Chained CPI-U),gov.states.wi.tax.income.deductions.standard.phase_out.head_of_household,gov/states/wi/tax/income/deductions/standard/phase_out/head_of_household.yaml,gov.irs.uprating,Wisconsin phases out its standard deduction for head of household filers according to this schedule.
parameter,IRS (Chained CPI-U),gov.states.wi.tax.income.deductions.standard.phase_out.joint,gov/states/wi/tax/income/deductions/standard/phase_out/joint.yaml,gov.irs.uprating,Wisconsin phases out its standard deduction for joint filers according to this schedule.
parameter,IRS (Chained CPI-U),gov.states.wi.tax.income.deductions.standard.phase_out.separate,gov/states/wi/tax/income/deductions/standard/phase_out/separate.yaml,gov.irs.uprating,Wisconsin phases out its standard deduction for separate filers according to this schedule.
parameter,IRS (Chained CPI-U),gov.states.wi.tax.income.deductions.standard.phase_out.single,gov/states/wi/tax/income/deductions/standard/phase_out/single.yaml,gov.irs.uprating,Wisconsin phases out its standard deduction for single filers according to this schedule.
parameter,IRS (Chained CPI-U),gov.states.wi.tax.income.rates.head_of_household,gov/states/wi/tax/income/rates/head_of_household.yaml,gov.irs.uprating,Wisconsin taxes personal income at these rates for head of household filers.
parameter,IRS (Chained CPI-U),gov.states.wi.tax.income.rates.joint,gov/states/wi/tax/income/rates/joint.yaml,gov.irs.uprating,Wisconsin taxes personal income at these rates for joint filers.
parameter,IRS (Chained CPI-U),gov.states.wi.tax.income.rates.separate,gov/states/wi/tax/income/rates/separate.yaml,gov.irs.uprating,Wisconsin taxes personal income at these rates for separate filers.
parameter,IRS (Chained CPI-U),gov.states.wi.tax.income.rates.single,gov/states/wi/tax/income/rates/single.yaml,gov.irs.uprating,Wisconsin taxes personal income at these rates for single filers.
parameter,Other: calibration.gov.cbo.income_by_source.adjusted_gross_income,calibration.gov.irs.soi.agi.total_agi,calibration/gov/irs/soi/agi/total_agi.yaml,calibration.gov.cbo.income_by_source.adjusted_gross_income,Total AGI size in each bucket by lower AGI value.
parameter,Other: calibration.gov.cbo.income_by_source.adjusted_gross_income,calibration.gov.irs.soi.alimony_income,calibration/gov/irs/soi/alimony_income.yaml,calibration.gov.cbo.income_by_source.adjusted_gross_income,Total alimony income.
parameter,Other: calibration.gov.cbo.income_by_source.adjusted_gross_income,calibration.gov.irs.soi.farm_income,calibration/gov/irs/soi/farm_income.yaml,calibration.gov.cbo.income_by_source.adjusted_gross_income,Total farm income.
parameter,Other: calibration.gov.cbo.income_by_source.adjusted_gross_income,calibration.gov.irs.soi.farm_rent_income,calibration/gov/irs/soi/farm_rent_income.yaml,calibration.gov.cbo.income_by_source.adjusted_gross_income,Total farm rental income.
parameter,Other: calibration.gov.cbo.income_by_source.adjusted_gross_income,calibration.gov.irs.soi.rental_income,calibration/gov/irs/soi/rental_income.yaml,calibration.gov.cbo.income_by_source.adjusted_gross_income,Total rental/royalty net income.
parameter,Other: calibration.gov.cbo.income_by_source.adjusted_gross_income,gov.hhs.smi.amount,gov/hhs/smi/amount.yaml,calibration.gov.cbo.income_by_source.adjusted_gross_income,"The US Department of Health and Human Services provides these state median income for 4-person households, by state."
parameter,Other: calibration.gov.cbo.income_by_source.employment_income,calibration.gov.irs.soi.employment_income,calibration/gov/irs/soi/employment_income.yaml,calibration.gov.cbo.income_by_source.employment_income,Total employment income.
parameter,Other: calibration.gov.cbo.income_by_source.net_capital_gain,calibration.gov.irs.soi.long_term_capital_gains,calibration/gov/irs/soi/long_term_capital_gains.yaml,calibration.gov.cbo.income_by_source.net_capital_gain,Total long-term capital gains.
parameter,Other: calibration.gov.cbo.income_by_source.net_capital_gain,calibration.gov.irs.soi.short_term_capital_gains,calibration/gov/irs/soi/short_term_capital_gains.yaml,calibration.gov.cbo.income_by_source.net_capital_gain,Total short-term capital gains. Taken from the IRS PUF in the absence of a SOI target.
parameter,Other: calibration.gov.cbo.income_by_source.qualified_dividend_income,calibration.gov.irs.soi.non_qualified_dividend_income,calibration/gov/irs/soi/non_qualified_dividend_income.yaml,calibration.gov.cbo.income_by_source.qualified_dividend_income,Total non-qualified dividend income.
parameter,Other: calibration.gov.cbo.income_by_source.qualified_dividend_income,calibration.gov.irs.soi.qualified_dividend_income,calibration/gov/irs/soi/qualified_dividend_income.yaml,calibration.gov.cbo.income_by_source.qualified_dividend_income,Total qualified dividend income.
parameter,Other: calibration.gov.cbo.income_by_source.self_employment_income,calibration.gov.irs.soi.partnership_s_corp_income,calibration/gov/irs/soi/partnership_s_corp_income.yaml,calibration.gov.cbo.income_by_source.self_employment_income,Total partnership and S-corp income.
parameter,Other: calibration.gov.cbo.income_by_source.self_employment_income,calibration.gov.irs.soi.self_employment_income,calibration/gov/irs/soi/self_employment_income.yaml,calibration.gov.cbo.income_by_source.self_employment_income,Total self-employment income.
parameter,Other: calibration.gov.cbo.income_by_source.taxable_interest_and_ordinary_dividends,calibration.gov.irs.soi.tax_exempt_interest_income,calibration/gov/irs/soi/tax_exempt_interest_income.yaml,calibration.gov.cbo.income_by_source.taxable_interest_and_ordinary_dividends,Total tax-exempt interest income.
parameter,Other: calibration.gov.cbo.income_by_source.taxable_interest_and_ordinary_dividends,calibration.gov.irs.soi.taxable_interest_income,calibration/gov/irs/soi/taxable_interest_income.yaml,calibration.gov.cbo.income_by_source.taxable_interest_and_ordinary_dividends,Total taxable interest income.
parameter,Other: calibration.gov.cbo.income_by_source.taxable_pension_income,calibration.gov.irs.soi.tax_exempt_pension_income,calibration/gov/irs/soi/tax_exempt_pension_income.yaml,calibration.gov.cbo.income_by_source.taxable_pension_income,Total tax-exempt pension income.
parameter,Other: calibration.gov.cbo.income_by_source.taxable_pension_income,calibration.gov.irs.soi.taxable_pension_income,calibration/gov/irs/soi/taxable_pension_income.yaml,calibration.gov.cbo.income_by_source.taxable_pension_income,Total taxable pension income.
parameter,Other: calibration.gov.cbo.income_by_source.taxable_social_security,calibration.gov.irs.soi.social_security,calibration/gov/irs/soi/social_security.yaml,calibration.gov.cbo.income_by_source.taxable_social_security,Total social security.
parameter,Other: calibration.gov.cbo.income_by_source.taxable_social_security,calibration.gov.irs.soi.unemployment_compensation,calibration/gov/irs/soi/unemployment_compensation.yaml,calibration.gov.cbo.income_by_source.taxable_social_security,Total unemployment compensation.
parameter,Other: calibration.gov.census.populations.total,calibration.gov.irs.soi.agi.number_of_returns,calibration/gov/irs/soi/agi/number_of_returns.yaml,calibration.gov.census.populations.total,Adjusted gross number of returns by lower AGI value.
parameter,Other: calibration.gov.census.populations.total,calibration.gov.irs.soi.returns_by_filing_status,calibration/gov/irs/soi/returns_by_filing_status.yaml,calibration.gov.census.populations.total,Number of returns by filing status and AGI band.
parameter,Other: calibration.gov.census.populations.total,calibration.gov.ssa.social_security.participation,calibration/gov/ssa/social_security/participation.yaml,calibration.gov.census.populations.total,Average participation in Social Security.
parameter,Other: calibration.gov.census.populations.total,calibration.gov.ssa.ssi.participation,calibration/gov/ssa/ssi/participation.yaml,calibration.gov.census.populations.total,Average participation in Supplemental Security Income.
parameter,Other: calibration.gov.census.populations.total,calibration.gov.usda.snap.participation,calibration/gov/usda/snap/participation.yaml,calibration.gov.census.populations.total,Average participation in the Supplemental Nutrition Assistance Program.
parameter,Other: gov.ssa.nawi,gov.irs.income.exemption.overtime.hce_salary_threshold,gov/irs/income/exemption/overtime/hce_salary_threshold.yaml,gov.ssa.nawi,The US classifies as exempt from overtime salaried individuals if they have an annual salary level of or above this value.
parameter,Other: gov.ssa.nawi,gov.irs.income.exemption.overtime.salary_basis_threshold,gov/irs/income/exemption/overtime/salary_basis_threshold.yaml,gov.ssa.nawi,"The US classifies as exempt from overtime individuals employed in a ""bona fide executive, administrative, or professional capacity"" and other generall"
parameter,Other: gov.ssa.nawi,gov.irs.payroll.social_security.cap,gov/irs/payroll/social_security/cap.yaml,gov.ssa.nawi,Individual earnings below this amount are subjected to Social Security (OASDI) payroll tax. This parameter is indexed by the rate of growth in average
parameter,Other: gov.ssa.nawi,gov.ssa.sga.non_blind,gov/ssa/sga/non_blind.yaml,gov.ssa.nawi,"The Social Security Administration considers non-blind individuals earning more than this amount, net of impairment-related work expenses, to be engag"
parameter,Other: gov.states.ca.cpi,gov.states.ca.tax.income.amt.exemption.amount,gov/states/ca/tax/income/amt/exemption/amount.yaml,gov.states.ca.cpi,California provides the following alternative minimum tax exemption amount.
parameter,Other: gov.states.ca.cpi,gov.states.ca.tax.income.amt.exemption.amti.threshold.lower,gov/states/ca/tax/income/amt/exemption/amti/threshold/lower.yaml,gov.states.ca.cpi,"California provides a flat alternative minimum tax exemption amount for filers with alternative minimum taxable income below this amount, based on fil"
parameter,Other: gov.states.ca.cpi,gov.states.ca.tax.income.amt.exemption.amti.threshold.upper,gov/states/ca/tax/income/amt/exemption/amti/threshold/upper.yaml,gov.states.ca.cpi,"California limits the alternative minimum tax exemption amount to filers with alternative minimum taxable income above this threshold, based on filing"
parameter,Other: gov.states.ca.cpi,gov.states.ca.tax.income.credits.earned_income.earned_income_amount,gov/states/ca/tax/income/credits/earned_income/earned_income_amount.yaml,gov.states.ca.cpi,"California stops phasing in the CalEITC at this income level, depending on the number of children."
parameter,Other: gov.states.ca.cpi,gov.states.ca.tax.income.credits.earned_income.eligibility.max_investment_income,gov/states/ca/tax/income/credits/earned_income/eligibility/max_investment_income.yaml,gov.states.ca.cpi,California limits the CalEITC to filers with investment income below this threshold.
parameter,Other: gov.states.ca.cpi,gov.states.ca.tax.income.credits.earned_income.phase_out.start,gov/states/ca/tax/income/credits/earned_income/phase_out/start.yaml,gov.states.ca.cpi,"California phases out the CalEITC at income above this threshold, depending on the number of children."
parameter,Other: gov.states.ca.cpi,gov.states.ca.tax.income.credits.foster_youth.amount,gov/states/ca/tax/income/credits/foster_youth/amount.yaml,gov.states.ca.cpi,"California provides the following foster youth tax credit amount, based on age."
parameter,Other: gov.states.ca.cpi,gov.states.ca.tax.income.credits.foster_youth.phase_out.start,gov/states/ca/tax/income/credits/foster_youth/phase_out/start.yaml,gov.states.ca.cpi,California phases the foster youth tax credit out for filers with earned income above this threshold.
parameter,Other: gov.states.ca.cpi,gov.states.ca.tax.income.credits.renter.income_cap,gov/states/ca/tax/income/credits/renter/income_cap.yaml,gov.states.ca.cpi,California limits the renter credit to filers with California AGI below this amount.
parameter,Other: gov.states.ca.cpi,gov.states.ca.tax.income.credits.young_child.amount,gov/states/ca/tax/income/credits/young_child/amount.yaml,gov.states.ca.cpi,California provides a young child tax credit of this amount.
parameter,Other: gov.states.ca.cpi,gov.states.ca.tax.income.credits.young_child.loss_threshold,gov/states/ca/tax/income/credits/young_child/loss_threshold.yaml,gov.states.ca.cpi,California limits its Young Child Tax Credit to filers with losses not exceeding this value.
parameter,Other: gov.states.ca.cpi,gov.states.ca.tax.income.credits.young_child.phase_out.start,gov/states/ca/tax/income/credits/young_child/phase_out/start.yaml,gov.states.ca.cpi,California begins to phase out its young child tax credit at this income level.
parameter,Other: gov.states.ca.cpi,gov.states.ca.tax.income.deductions.itemized.limit.agi_threshold,gov/states/ca/tax/income/deductions/itemized/limit/agi_threshold.yaml,gov.states.ca.cpi,Federal AGI above which CA itemized deductions are limited.
parameter,Other: gov.states.ca.cpi,gov.states.ca.tax.income.deductions.standard.amount,gov/states/ca/tax/income/deductions/standard/amount.yaml,gov.states.ca.cpi,"California provides filers a standard deduction of this amount, depending on filing status."
parameter,Other: gov.states.ca.cpi,gov.states.ca.tax.income.exemptions.amount,gov/states/ca/tax/income/exemptions/amount.yaml,gov.states.ca.cpi,California exempts this amount from taxable income.
parameter,Other: gov.states.ca.cpi,gov.states.ca.tax.income.exemptions.dependent_amount,gov/states/ca/tax/income/exemptions/dependent_amount.yaml,gov.states.ca.cpi,California exempts this amount from taxable income per dependent.
parameter,Other: gov.states.ca.cpi,gov.states.ca.tax.income.exemptions.phase_out.start,gov/states/ca/tax/income/exemptions/phase_out/start.yaml,gov.states.ca.cpi,California reduces the exemption amount for filers with income exceeding this threshold.
parameter,"Other: {'parameter': 'gov.states.ca.cpi', 'rounding': 1.0}",gov.states.ca.tax.income.credits.earned_income.phase_out.final.start,gov/states/ca/tax/income/credits/earned_income/phase_out/final/start.yaml,"{'parameter': 'gov.states.ca.cpi', 'rounding': 1.0}",Earned income point at which CA filers phase out of CalEITC smoothly at the earnings limit.
parameter,SNAP (CPI-U Q2),gov.usda.snap.asset_test.limit,gov/usda/snap/asset_test/limit.yaml,gov.usda.snap.uprating,The USDA restricts SNAP to households with assets not exceeding this value.
parameter,SNAP (CPI-U Q2),gov.usda.snap.income.deductions.excess_shelter_expense.cap,gov/usda/snap/income/deductions/excess_shelter_expense/cap.yaml,gov.usda.snap.uprating,The USDA allows an excess shelter deduction of up to this amount when computing SNAP benefits.
parameter,SNAP (CPI-U Q2),gov.usda.snap.income.deductions.excess_shelter_expense.homeless.deduction,gov/usda/snap/income/deductions/excess_shelter_expense/homeless/deduction.yaml,gov.usda.snap.uprating,SNAP homeless shelter deduction amount.
parameter,SNAP (CPI-U Q2),gov.usda.snap.income.deductions.standard,gov/usda/snap/income/deductions/standard.yaml,gov.usda.snap.uprating,The USDA deducts this amount from net income when computing SNAP benefits.
parameter,SNAP (CPI-U Q2),gov.usda.snap.income.deductions.utility.limited.main,gov/usda/snap/income/deductions/utility/limited/main.yaml,gov.usda.snap.uprating,"A household is eligible for the Limited Utility Allowance if it does not have separate heating and cooling costs, but does have at least two other uti"
parameter,SNAP (CPI-U Q2),gov.usda.snap.income.deductions.utility.single.electricity,gov/usda/snap/income/deductions/utility/single/electricity.yaml,gov.usda.snap.uprating,"Utility allowance for households whose utility expenses are only electricity-related (or, if the state does not have a defined limited utility allowan"
parameter,SNAP (CPI-U Q2),gov.usda.snap.income.deductions.utility.single.gas_and_fuel,gov/usda/snap/income/deductions/utility/single/gas_and_fuel.yaml,gov.usda.snap.uprating,"Utility allowance for households whose utility expenses are only gas and fuel-related (or, if the state does not have a defined limited utility allowa"
parameter,SNAP (CPI-U Q2),gov.usda.snap.income.deductions.utility.single.phone,gov/usda/snap/income/deductions/utility/single/phone.yaml,gov.usda.snap.uprating,"Utility allowance for households whose utility expenses are only phone-related (or, if the state does not have a defined limited utility allowance, ho"
parameter,SNAP (CPI-U Q2),gov.usda.snap.income.deductions.utility.single.sewage,gov/usda/snap/income/deductions/utility/single/sewage.yaml,gov.usda.snap.uprating,"Utility allowance for households whose utility expenses are only sewage-related (or, if the state does not have a defined limited utility allowance, h"
parameter,SNAP (CPI-U Q2),gov.usda.snap.income.deductions.utility.single.trash,gov/usda/snap/income/deductions/utility/single/trash.yaml,gov.usda.snap.uprating,"Utility allowance for households whose utility expenses are only trash-related (or, if the state does not have a defined limited utility allowance, ho"
parameter,SNAP (CPI-U Q2),gov.usda.snap.income.deductions.utility.single.water,gov/usda/snap/income/deductions/utility/single/water.yaml,gov.usda.snap.uprating,"Utility allowance for households whose utility expenses are only water-related (or, if the state does not have a defined limited utility allowance, ho"
parameter,SNAP (CPI-U Q2),gov.usda.snap.max_allotment,gov/usda/snap/max_allotment.yaml,gov.usda.snap.uprating,Maximum SNAP allotment by state group and household size.
parameter,SSA (CPI-W),gov.ssa.sga.blind,gov/ssa/sga/blind.yaml,gov.ssa.uprating,"The Social Security Administration considers blind individuals earning more than this amount, net of impairment-related work expenses, to be engaging "
parameter,SSA (CPI-W),gov.ssa.ssi.amount.couple,gov/ssa/ssi/amount/couple.yaml,gov.ssa.uprating,Monthly maximum Federal SSI payment amounts for an eligible individual with an eligible spouse.
parameter,SSA (CPI-W),gov.ssa.ssi.amount.individual,gov/ssa/ssi/amount/individual.yaml,gov.ssa.uprating,Monthly maximum Federal SSI payment amounts for an eligible individual.
parameter,SSA (CPI-W),gov.ssa.ssi.income.exclusions.blind_or_disabled_working_student.amount,gov/ssa/ssi/income/exclusions/blind_or_disabled_working_student/amount.yaml,"{'parameter': 'gov.ssa.uprating', 'rounding': {'type': 'nearest', 'interval': 10}}",The Social Security Administration excludes the following earned income amount for blind or disabled student filers under the Supplemental Security In
parameter,SSA (CPI-W),gov.ssa.ssi.income.exclusions.blind_or_disabled_working_student.cap,gov/ssa/ssi/income/exclusions/blind_or_disabled_working_student/cap.yaml,"{'parameter': 'gov.ssa.uprating', 'rounding': {'type': 'nearest', 'interval': 10}}",The Social Security Administration caps the annual earned income exclusion for blind or disabled students receiving Supplemental Security Income at th
parameter,SSA (CPI-W),gov.states.md.tax.income.agi.subtractions.pension.max_amount,gov/states/md/tax/income/agi/subtractions/pension/max_amount.yaml,gov.ssa.uprating,Maryland provides the following maximum pension subtraction from adjusted gross income.
variable,CPI-U (Direct),auto_loan_balance,household/expense/vehicle/auto_loan_balance.py,gov.bls.cpi.cpi_u,
variable,CPI-U (Direct),auto_loan_interest,household/expense/vehicle/auto_loan_interest.py,gov.bls.cpi.cpi_u,
variable,CPI-U (Direct),child_support_expense,household/expense/child_support/child_support_expense.py,gov.bls.cpi.cpi_u,
variable,CPI-U (Direct),child_support_received,household/expense/child_support/child_support_received.py,gov.bls.cpi.cpi_u,
variable,CPI-U (Direct),net_worth,household/assets/net_worth.py,gov.bls.cpi.cpi_u,
variable,CPI-U (Direct),real_estate_taxes,household/expense/tax/real_estate_taxes.py,gov.bls.cpi.cpi_u,
variable,CPI-U (Direct),rent,household/expense/housing/rent.py,gov.bls.cpi.cpi_u,
variable,CPI-U (Direct),spm_unit_broadband_subsidy_reported,household/income/spm_unit/spm_unit_broadband_subsidy_reported.py,gov.bls.cpi.cpi_u,
variable,CPI-U (Direct),spm_unit_capped_housing_subsidy_reported,household/income/spm_unit/spm_unit_capped_housing_subsidy_reported.py,gov.bls.cpi.cpi_u,
variable,CPI-U (Direct),spm_unit_capped_work_childcare_expenses,household/expense/childcare/spm_unit_capped_work_childcare_expenses.py,gov.bls.cpi.cpi_u,
variable,CPI-U (Direct),spm_unit_energy_subsidy_reported,household/income/spm_unit/spm_unit_energy_subsidy_reported.py,gov.bls.cpi.cpi_u,
variable,CPI-U (Direct),spm_unit_spm_threshold,household/income/spm_unit/spm_unit_spm_threshold.py,gov.bls.cpi.cpi_u,
variable,CPI-U (Direct),spm_unit_state_tax_reported,household/expense/tax/spm_unit_state_tax_reported.py,gov.bls.cpi.cpi_u,
variable,CPI-U (Direct),tanf_reported,gov/hhs/tanf/cash/tanf_reported.py,gov.bls.cpi.cpi_u,
variable,Other: calibration.gov.census.populations.total,family_weight,household/demographic/weights/family_weight.py,calibration.gov.census.populations.total,
variable,Other: calibration.gov.census.populations.total,household_weight,household/demographic/weights/household_weight.py,calibration.gov.census.populations.total,
variable,Other: calibration.gov.census.populations.total,person_weight,household/demographic/weights/person_weight.py,calibration.gov.census.populations.total,
variable,Other: calibration.gov.census.populations.total,spm_unit_weight,household/demographic/weights/spm_unit_weight.py,calibration.gov.census.populations.total,
variable,Other: calibration.gov.census.populations.total,tax_unit_weight,household/demographic/weights/tax_unit_weight.py,calibration.gov.census.populations.total,
variable,SSA (CPI-W),social_security_dependents,gov/ssa/ss/social_security_dependents.py,gov.ssa.uprating,
variable,SSA (CPI-W),social_security_disability,gov/ssa/ss/social_security_disability.py,gov.ssa.uprating,
variable,SSA (CPI-W),social_security_retirement,gov/ssa/ss/social_security_retirement.py,gov.ssa.uprating,
variable,SSA (CPI-W),social_security_survivors,gov/ssa/ss/social_security_survivors.py,gov.ssa.uprating,
